{
    "accuracies": [
        0.5123333333333333,
        0.49133333333333334,
        0.501,
        0.49766666666666665,
        0.5033333333333333,
        0.5053333333333333,
        0.5106666666666667,
        0.5086666666666667,
        0.51,
        0.5103333333333333,
        0.517,
        0.5416666666666666,
        0.513,
        0.5306666666666666,
        0.5116666666666667,
        0.51,
        0.5163333333333333,
        0.5253333333333333,
        0.515,
        0.5286666666666666,
        0.5226666666666666,
        0.539,
        0.5093333333333333,
        0.5136666666666667,
        0.515,
        0.527,
        0.5253333333333333,
        0.525,
        0.52,
        0.5156666666666667,
        0.5276666666666666,
        0.5223333333333333,
        0.5316666666666666,
        0.522,
        0.5356666666666666,
        0.5076666666666667,
        0.5506666666666666,
        0.5296666666666666,
        0.5216666666666666,
        0.5556666666666666
    ],
    "test_losses": [
        0.6930737853050232,
        0.6931760617891948,
        0.6930309437115987,
        0.6935491177241008,
        0.6930950531959533,
        0.6930144052505494,
        0.6928809986114502,
        0.6928641386032105,
        0.6926371843020122,
        0.6927509512901306,
        0.6927831188837688,
        0.690931820233663,
        0.6926975852648417,
        0.6917494681676228,
        0.6927481993039449,
        0.6929473207791647,
        0.6916580483118693,
        0.6919733985265096,
        0.6923597865104675,
        0.6902711351712545,
        0.6910554865201314,
        0.6901737286249796,
        0.6932065192858378,
        0.6916412312189738,
        0.692351853052775,
        0.6909164859453837,
        0.6916965053876241,
        0.6909288894335429,
        0.6919826734860738,
        0.6916757950782776,
        0.69006112464269,
        0.6904211179415385,
        0.6906103672981262,
        0.6909845865567525,
        0.6893096755345662,
        0.6920781615575154,
        0.6868065819740296,
        0.6889931427637735,
        0.6900939701398213,
        0.6833946294784546
    ],
    "train_losses": [
        0.6931466703796386,
        0.6931507062911987,
        0.6930926365280151,
        0.6930184053611755,
        0.6931470743942261,
        0.6930870531082153,
        0.6929476086807251,
        0.6927581803131103,
        0.692704264831543,
        0.6925540522575379,
        0.6925672375106812,
        0.692474690246582,
        0.6924461660194396,
        0.6925895220565796,
        0.6922431266212463,
        0.69231764793396,
        0.6921575771713256,
        0.6919192289352417,
        0.692175372505188,
        0.6919149181747436,
        0.6920129850196839,
        0.691942689704895,
        0.691857958984375,
        0.6916254215812683,
        0.691324264831543,
        0.6911525939941406,
        0.6911799095535278,
        0.69110849609375,
        0.6904377400016785,
        0.6907816577148438,
        0.6907592495346069,
        0.6903879171943664,
        0.6900936845970154,
        0.6900545827484131,
        0.6897548085975647,
        0.6896369615554809,
        0.6889742947769165,
        0.6891973050117493,
        0.6886137092971801,
        0.6880915560340881
    ]
}